,equity
2026-05-27 07:35:00+00:00,10000.0
2026-05-27 07:40:00+00:00,10000.108991825613
2026-05-27 07:45:00+00:00,10000.108991825613
2026-05-27 07:50:00+00:00,10000.427365241463
2026-05-27 07:55:00+00:00,10000.536112820468
2026-05-27 08:00:00+00:00,10000.536112820468
2026-05-27 08:05:00+00:00,10000.63403249258
2026-05-27 08:10:00+00:00,10001.05963666462
2026-05-27 08:15:00+00:00,10000.950894035104
2026-05-27 08:20:00+00:00,10001.048702845805
2026-05-27 08:25:00+00:00,10001.048702845805
2026-05-27 08:30:00+00:00,10000.63354930895
2026-05-27 08:35:00+00:00,10000.63354930895
2026-05-27 08:40:00+00:00,10000.739645569816
2026-05-27 08:45:00+00:00,10000.323814399522
2026-05-27 08:50:00+00:00,10000.740321014033
2026-05-27 08:55:00+00:00,10001.046341219693
2026-05-27 09:00:00+00:00,10001.046341219693
2026-05-27 09:05:00+00:00,10001.24272897308
2026-05-27 09:10:00+00:00,10001.349500006805
2026-05-27 09:15:00+00:00,10001.767616624698
2026-05-27 09:20:00+00:00,10001.767616624698
2026-05-27 09:25:00+00:00,10002.455293408082
2026-05-27 09:30:00+00:00,10002.749627551095
2026-05-27 09:35:00+00:00,10003.176002215525
2026-05-27 09:40:00+00:00,10003.634723218378
2026-05-27 09:45:00+00:00,10004.052411515799
2026-05-27 09:50:00+00:00,10004.511453382342
2026-05-27 09:55:00+00:00,10004.939362340998
2026-05-27 10:00:00+00:00,10005.234116520385
2026-05-27 10:05:00+00:00,10005.555002797375
2026-05-27 10:10:00+00:00,10005.97224862735
2026-05-27 10:15:00+00:00,10006.58339367231
2026-05-27 10:20:00+00:00,10006.736142617412
2026-05-27 10:25:00+00:00,10006.954368244773
2026-05-27 10:30:00+00:00,10007.61027523854
2026-05-27 10:35:00+00:00,10008.156661473266
2026-05-27 10:40:00+00:00,10008.370762589138
2026-05-27 10:45:00+00:00,10008.829301261829
2026-05-27 10:50:00+00:00,10009.124459896488
2026-05-27 10:55:00+00:00,10009.58331340168
2026-05-27 11:00:00+00:00,10010.074653638936
2026-05-27 11:05:00+00:00,10010.51077496139
2026-05-27 11:10:00+00:00,10010.619810042264
2026-05-27 11:15:00+00:00,10010.619810042264
2026-05-27 11:20:00+00:00,10011.078241723384
2026-05-27 11:25:00+00:00,10011.912498243528
2026-05-27 11:30:00+00:00,10011.912498243528
2026-05-27 11:35:00+00:00,10012.66037347016
2026-05-27 11:40:00+00:00,10013.301731025844
2026-05-27 11:45:00+00:00,10013.836629622587
2026-05-27 11:50:00+00:00,10014.672509140919
2026-05-27 11:55:00+00:00,10015.508458432167
2026-05-27 12:00:00+00:00,10016.346225764531
2026-05-27 12:05:00+00:00,10016.346225764531
2026-05-27 12:10:00+00:00,10016.346225764531
2026-05-27 12:15:00+00:00,10017.198590085414
2026-05-27 12:20:00+00:00,10017.836154438237
2026-05-27 12:25:00+00:00,10017.836154438237
2026-05-27 12:30:00+00:00,10018.368056113635
2026-05-27 12:35:00+00:00,10018.368056113635
2026-05-27 12:40:00+00:00,10018.749853676749
2026-05-27 12:45:00+00:00,10019.387381507082
2026-05-27 12:50:00+00:00,10019.540116070824
2026-05-27 12:55:00+00:00,10019.758216639306
2026-05-27 13:00:00+00:00,10019.758216639306
2026-05-27 13:05:00+00:00,10020.195712904631
2026-05-27 13:10:00+00:00,10020.414542249748
2026-05-27 13:15:00+00:00,10020.414542249748
2026-05-27 13:20:00+00:00,10020.521392479459
2026-05-27 13:25:00+00:00,10021.056905593636
2026-05-27 13:30:00+00:00,10021.16412854362
2026-05-27 13:35:00+00:00,10021.660274901107
2026-05-27 13:40:00+00:00,10021.768278568257
2026-05-27 13:45:00+00:00,10021.768278568257
2026-05-27 13:50:00+00:00,10022.07569477312
2026-05-27 13:55:00+00:00,10022.18322282956
2026-05-27 14:00:00+00:00,10022.718024495667
2026-05-27 14:05:00+00:00,10022.825345600973
2026-05-27 14:10:00+00:00,10023.244886218203
2026-05-27 14:15:00+00:00,10023.663743087665
2026-05-27 14:20:00+00:00,10024.084198781587
2026-05-27 14:25:00+00:00,10024.084198781587
2026-05-27 14:30:00+00:00,10024.191638054886
2026-05-27 14:35:00+00:00,10024.191638054886
2026-05-27 14:40:00+00:00,10024.191638054886
2026-05-27 14:45:00+00:00,10024.488036388359
2026-05-27 14:50:00+00:00,10024.488036388359
2026-05-27 14:55:00+00:00,10024.070349386842
2026-05-27 15:00:00+00:00,10024.438058995232
2026-05-27 15:05:00+00:00,10024.208368976315
2026-05-27 15:10:00+00:00,10024.055210712466
2026-05-27 15:15:00+00:00,10024.161397738004
2026-05-27 15:20:00+00:00,10024.35128524317
2026-05-27 15:25:00+00:00,10024.35128524317
2026-05-27 15:30:00+00:00,10024.546103070112
2026-05-27 15:35:00+00:00,10024.95999845009
2026-05-27 15:40:00+00:00,10025.374938847375
2026-05-27 15:45:00+00:00,10025.162514333362
2026-05-27 15:50:00+00:00,10025.162514333362
2026-05-27 15:55:00+00:00,10025.054040382764
2026-05-27 16:00:00+00:00,10024.638924273431
2026-05-27 16:05:00+00:00,10025.171356763567
2026-05-27 16:10:00+00:00,10025.384295832317
2026-05-27 16:15:00+00:00,10024.96795927518
2026-05-27 16:20:00+00:00,10024.551812826061
2026-05-27 16:25:00+00:00,10024.551812826061
2026-05-27 16:30:00+00:00,10024.444632757497
2026-05-27 16:35:00+00:00,10024.444632757497
2026-05-27 16:40:00+00:00,10024.86093029208
2026-05-27 16:45:00+00:00,10024.86093029208
2026-05-27 16:50:00+00:00,10024.753746918506
2026-05-27 16:55:00+00:00,10024.9502721831
2026-05-27 17:00:00+00:00,10025.366590715998
2026-05-27 17:05:00+00:00,10025.366590715998
2026-05-27 17:10:00+00:00,10025.366590715998
2026-05-27 17:15:00+00:00,10025.366590715998
2026-05-27 17:20:00+00:00,10025.174791087326
2026-05-27 17:25:00+00:00,10025.284331895795
2026-05-27 17:30:00+00:00,10025.092423696486
2026-05-27 17:35:00+00:00,10025.290118281848
2026-05-27 17:40:00+00:00,10025.290118281848
2026-05-27 17:45:00+00:00,10025.530101288869
2026-05-27 17:50:00+00:00,10025.727941054065
2026-05-27 17:55:00+00:00,10025.727941054065
2026-05-27 18:00:00+00:00,10025.727941054065
2026-05-27 18:05:00+00:00,10025.948335161364
2026-05-27 18:10:00+00:00,10025.948335161364
2026-05-27 18:15:00+00:00,10026.146339473305
2026-05-27 18:20:00+00:00,10026.566370740145
2026-05-27 18:25:00+00:00,10026.146321876688
2026-05-27 18:30:00+00:00,10025.992640909155
2026-05-27 18:35:00+00:00,10025.992640909155
2026-05-27 18:40:00+00:00,10025.573143309117
2026-05-27 18:45:00+00:00,10025.153838702538
2026-05-27 18:50:00+00:00,10024.316315407743
2026-05-27 18:55:00+00:00,10024.316315407743
2026-05-27 19:00:00+00:00,10024.507582652837
2026-05-27 19:05:00+00:00,10024.924402094943
2026-05-27 19:10:00+00:00,10025.340374061834
2026-05-27 19:15:00+00:00,10025.531551414506
2026-05-27 19:20:00+00:00,10025.727861019977
2026-05-27 19:25:00+00:00,10025.727861019977
2026-05-27 19:30:00+00:00,10025.836919301943
2026-05-27 19:35:00+00:00,10026.005552165003
2026-05-27 19:40:00+00:00,10026.005552165003
2026-05-27 19:45:00+00:00,10025.588497025561
2026-05-27 19:50:00+00:00,10025.588497025561
2026-05-27 19:55:00+00:00,10025.915880997381
2026-05-27 20:00:00+00:00,10025.915880997381
2026-05-27 20:05:00+00:00,10026.111948580856
2026-05-27 20:10:00+00:00,10026.111948580856
2026-05-27 20:15:00+00:00,10026.52779727221
2026-05-27 20:20:00+00:00,10026.111067106072
2026-05-27 20:25:00+00:00,10025.919802110515
2026-05-27 20:30:00+00:00,10025.919802110515
2026-05-27 20:35:00+00:00,10026.02893370736
2026-05-27 20:40:00+00:00,10026.12716069799
2026-05-27 20:45:00+00:00,10025.710447183414
2026-05-27 20:50:00+00:00,10026.037230444404
2026-05-27 20:55:00+00:00,10025.846440011856
2026-05-27 21:00:00+00:00,10026.4360800691
2026-05-27 21:05:00+00:00,10026.632657582677
2026-05-27 21:10:00+00:00,10026.215749779867
2026-05-27 21:15:00+00:00,10026.215749779867
2026-05-27 21:20:00+00:00,10027.049877546071
2026-05-27 21:25:00+00:00,10027.46767129097
2026-05-27 21:30:00+00:00,10027.048637957443
2026-05-27 21:35:00+00:00,10027.468531116487
2026-05-27 21:40:00+00:00,10028.312594124156
2026-05-27 21:45:00+00:00,10028.735551213744
2026-05-27 21:50:00+00:00,10028.735551213744
2026-05-27 21:55:00+00:00,10028.624650676851
2026-05-27 22:00:00+00:00,10028.624650676851
2026-05-27 22:05:00+00:00,10028.624650676851
2026-05-27 22:10:00+00:00,10028.624650676851
2026-05-27 22:15:00+00:00,10028.501031266673
2026-05-27 22:20:00+00:00,10028.501031266673
2026-05-27 22:25:00+00:00,10028.279749249214
2026-05-27 22:30:00+00:00,10028.279749249214
2026-05-27 22:35:00+00:00,10028.087267872068
2026-05-27 22:40:00+00:00,10027.665565295623
2026-05-27 22:45:00+00:00,10028.244529820178
2026-05-27 22:50:00+00:00,10028.437454878467
2026-05-27 22:55:00+00:00,10028.55907066133
2026-05-27 23:00:00+00:00,10028.55907066133
2026-05-27 23:05:00+00:00,10028.55907066133
2026-05-27 23:10:00+00:00,10028.55907066133
2026-05-27 23:15:00+00:00,10028.751816367088
2026-05-27 23:20:00+00:00,10028.751816367088
2026-05-27 23:25:00+00:00,10029.17568584369
2026-05-27 23:30:00+00:00,10029.17568584369
2026-05-27 23:35:00+00:00,10029.275667656926
2026-05-27 23:40:00+00:00,10029.429173062415
2026-05-27 23:45:00+00:00,10029.429173062415
2026-05-27 23:50:00+00:00,10029.006703425808
2026-05-27 23:55:00+00:00,10029.226252609333
2026-05-28 00:00:00+00:00,10029.226252609333
2026-05-28 00:05:00+00:00,10029.44599902153
2026-05-28 00:10:00+00:00,10029.44599902153
2026-05-28 00:15:00+00:00,10029.024947552216
2026-05-28 00:20:00+00:00,10029.024947552216
2026-05-28 00:25:00+00:00,10029.272616018277
2026-05-28 00:30:00+00:00,10028.851394992826
2026-05-28 00:35:00+00:00,10028.430191658303
2026-05-28 00:40:00+00:00,10028.320531404703
2026-05-28 00:45:00+00:00,10028.741889410225
2026-05-28 00:50:00+00:00,10028.852630818013
2026-05-28 00:55:00+00:00,10028.852630818013
2026-05-28 01:00:00+00:00,10029.273657376822
2026-05-28 01:05:00+00:00,10028.852436307634
2026-05-28 01:10:00+00:00,10028.852436307634
2026-05-28 01:15:00+00:00,10028.774981469542
2026-05-28 01:20:00+00:00,10029.161446786748
2026-05-28 01:25:00+00:00,10029.936647671524
2026-05-28 01:30:00+00:00,10030.130275792135
2026-05-28 01:35:00+00:00,10030.130275792135
2026-05-28 01:40:00+00:00,10030.324057288963
2026-05-28 01:45:00+00:00,10030.324057288963
2026-05-28 01:50:00+00:00,10030.324057288963
2026-05-28 01:55:00+00:00,10030.62344015805
2026-05-28 02:00:00+00:00,10030.62344015805
2026-05-28 02:05:00+00:00,10031.04560444425
2026-05-28 02:10:00+00:00,10031.04560444425
2026-05-28 02:15:00+00:00,10031.145505306758
2026-05-28 02:20:00+00:00,10031.145505306758
2026-05-28 02:25:00+00:00,10031.145505306758
2026-05-28 02:30:00+00:00,10031.145505306758
2026-05-28 02:35:00+00:00,10031.145505306758
2026-05-28 02:40:00+00:00,10031.24537732493
2026-05-28 02:45:00+00:00,10031.24537732493
2026-05-28 02:50:00+00:00,10031.24537732493
2026-05-28 02:55:00+00:00,10031.24537732493
2026-05-28 03:00:00+00:00,10031.24537732493
2026-05-28 03:05:00+00:00,10031.051499370209
2026-05-28 03:10:00+00:00,10031.245261230348
2026-05-28 03:15:00+00:00,10031.245261230348
2026-05-28 03:20:00+00:00,10030.933150301249
2026-05-28 03:25:00+00:00,10030.505938497574
2026-05-28 03:30:00+00:00,10030.078380699684
2026-05-28 03:35:00+00:00,10030.507199783939
2026-05-28 03:40:00+00:00,10030.078178945625
2026-05-28 03:45:00+00:00,10030.078178945625
2026-05-28 03:50:00+00:00,10030.274616042745
2026-05-28 03:55:00+00:00,10030.274616042745
2026-05-28 04:00:00+00:00,10029.840405020406
2026-05-28 04:05:00+00:00,10029.407150575265
2026-05-28 04:10:00+00:00,10029.841512080271
2026-05-28 04:15:00+00:00,10030.068226400164
2026-05-28 04:20:00+00:00,10030.977983155393
2026-05-28 04:25:00+00:00,10030.977983155393
2026-05-28 04:30:00+00:00,10030.977983155393
2026-05-28 04:35:00+00:00,10030.582361858484
2026-05-28 04:40:00+00:00,10030.582361858484
2026-05-28 04:45:00+00:00,10030.50415068997
2026-05-28 04:50:00+00:00,10030.614618797357
2026-05-28 04:55:00+00:00,10030.811994134208
2026-05-28 05:00:00+00:00,10031.001284500508
2026-05-28 05:05:00+00:00,10031.001284500508
2026-05-28 05:10:00+00:00,10031.001284500508
2026-05-28 05:15:00+00:00,10031.001284500508
2026-05-28 05:20:00+00:00,10031.001284500508
2026-05-28 05:25:00+00:00,10031.476612313705
2026-05-28 05:30:00+00:00,10031.476612313705
2026-05-28 05:35:00+00:00,10031.590026407683
2026-05-28 05:40:00+00:00,10032.026372211354
2026-05-28 05:45:00+00:00,10032.026372211354
2026-05-28 05:50:00+00:00,10032.178438659997
2026-05-28 05:55:00+00:00,10032.28129060216
2026-05-28 06:00:00+00:00,10032.71804642674
2026-05-28 06:05:00+00:00,10033.034286554288
2026-05-28 06:10:00+00:00,10032.596735996654
2026-05-28 06:15:00+00:00,10032.159204521033
2026-05-28 06:20:00+00:00,10032.597290075815
2026-05-28 06:25:00+00:00,10032.160139867097
2026-05-28 06:30:00+00:00,10032.598034242474
2026-05-28 06:35:00+00:00,10032.598034242474
2026-05-28 06:40:00+00:00,10032.709119636715
2026-05-28 06:45:00+00:00,10032.709119636715
2026-05-28 06:50:00+00:00,10032.86748915715
2026-05-28 06:55:00+00:00,10033.303321802205
2026-05-28 07:00:00+00:00,10033.41742737848
2026-05-28 07:05:00+00:00,10033.41742737848
2026-05-28 07:10:00+00:00,10033.41742737848
2026-05-28 07:15:00+00:00,10032.982515483058
2026-05-28 07:20:00+00:00,10033.417408526642
2026-05-28 07:25:00+00:00,10032.982119268137
2026-05-28 07:30:00+00:00,10032.982119268137
2026-05-28 07:35:00+00:00,10032.982119268137
2026-05-28 07:40:00+00:00,10032.548541821325
2026-05-28 07:45:00+00:00,10032.982475581784
2026-05-28 07:50:00+00:00,10033.416428111006
2026-05-28 07:55:00+00:00,10032.983206330862
2026-05-28 08:00:00+00:00,10033.417534608192
2026-05-28 08:05:00+00:00,10033.417534608192
2026-05-28 08:10:00+00:00,10033.30418827364
2026-05-28 08:15:00+00:00,10033.417226851696
2026-05-28 08:20:00+00:00,10033.701952549447
2026-05-28 08:25:00+00:00,10033.860137981459
2026-05-28 08:30:00+00:00,10033.42388319285
2026-05-28 08:35:00+00:00,10032.988404725698
2026-05-28 08:40:00+00:00,10033.463002095836
2026-05-28 08:45:00+00:00,10033.605275874028
2026-05-28 08:50:00+00:00,10033.852927491353
2026-05-28 08:55:00+00:00,10034.288802944327
2026-05-28 09:00:00+00:00,10034.288802944327
2026-05-28 09:05:00+00:00,10034.60614288117
2026-05-28 09:10:00+00:00,10034.378574990415
2026-05-28 09:15:00+00:00,10034.378574990415
2026-05-28 09:20:00+00:00,10034.582070804145
2026-05-28 09:25:00+00:00,10034.740595007475
2026-05-28 09:30:00+00:00,10034.306566435027
2026-05-28 09:35:00+00:00,10034.306566435027
2026-05-28 09:40:00+00:00,10034.623455952362
2026-05-28 09:45:00+00:00,10035.056356015173
2026-05-28 09:50:00+00:00,10035.056356015173
2026-05-28 09:55:00+00:00,10035.056356015173
2026-05-28 10:00:00+00:00,10035.515372788555
2026-05-28 10:05:00+00:00,10035.948685196707
2026-05-28 10:10:00+00:00,10036.253852904547
2026-05-28 10:15:00+00:00,10036.887354804683
2026-05-28 10:20:00+00:00,10037.36318701177
2026-05-28 10:25:00+00:00,10036.92810408212
2026-05-28 10:30:00+00:00,10037.155389591724
2026-05-28 10:35:00+00:00,10037.042751780147
2026-05-28 10:40:00+00:00,10037.359327801336
2026-05-28 10:45:00+00:00,10037.473104261637
2026-05-28 10:50:00+00:00,10037.473104261637
2026-05-28 10:55:00+00:00,10037.077694645553
2026-05-28 11:00:00+00:00,10037.394821902888
2026-05-28 11:05:00+00:00,10037.831800345288
2026-05-28 11:10:00+00:00,10038.244031630724
2026-05-28 11:15:00+00:00,10038.55101157053
2026-05-28 11:20:00+00:00,10038.55101157053
2026-05-28 11:25:00+00:00,10037.67771439684
2026-05-28 11:30:00+00:00,10037.67771439684
2026-05-28 11:35:00+00:00,10037.241293626648
2026-05-28 11:40:00+00:00,10036.8052709814
2026-05-28 11:45:00+00:00,10036.8052709814
2026-05-28 11:50:00+00:00,10037.144772794603
2026-05-28 11:55:00+00:00,10037.24711953441
2026-05-28 12:00:00+00:00,10037.24711953441
2026-05-28 12:05:00+00:00,10037.444625380918
2026-05-28 12:10:00+00:00,10036.57142445657
2026-05-28 12:15:00+00:00,10036.57142445657
2026-05-28 12:20:00+00:00,10036.11391692725
2026-05-28 12:25:00+00:00,10036.228184420326
2026-05-28 12:30:00+00:00,10036.535949774034
2026-05-28 12:35:00+00:00,10036.970056000235
2026-05-28 12:40:00+00:00,10037.403993313508
2026-05-28 12:45:00+00:00,10037.837761852545
2026-05-28 12:50:00+00:00,10037.837761852545
2026-05-28 12:55:00+00:00,10037.724824884028
2026-05-28 13:00:00+00:00,10037.724824884028
2026-05-28 13:05:00+00:00,10037.837887790369
2026-05-28 13:10:00+00:00,10037.837887790369
2026-05-28 13:15:00+00:00,10038.03486263118
2026-05-28 13:20:00+00:00,10038.469033689253
2026-05-28 13:25:00+00:00,10038.469033689253
2026-05-28 13:30:00+00:00,10038.355231750314
2026-05-28 13:35:00+00:00,10038.355231750314
2026-05-28 13:40:00+00:00,10038.582910480905
2026-05-28 13:45:00+00:00,10038.582910480905
2026-05-28 13:50:00+00:00,10039.015981357112
2026-05-28 13:55:00+00:00,10039.449819558553
2026-05-28 14:00:00+00:00,10039.8851816496
2026-05-28 14:05:00+00:00,10039.8851816496
2026-05-28 14:10:00+00:00,10039.68049489768
2026-05-28 14:15:00+00:00,10039.68049489768
2026-05-28 14:20:00+00:00,10039.782742382098
2026-05-28 14:25:00+00:00,10039.782742382098
2026-05-28 14:30:00+00:00,10040.416567050177
2026-05-28 14:35:00+00:00,10040.847301351638
2026-05-28 14:40:00+00:00,10040.416178668025
2026-05-28 14:45:00+00:00,10039.553599958517
2026-05-28 14:50:00+00:00,10039.985408715505
2026-05-28 14:55:00+00:00,10039.872827582867
2026-05-28 15:00:00+00:00,10039.872827582867
2026-05-28 15:05:00+00:00,10040.069765064774
2026-05-28 15:10:00+00:00,10040.504400119538
2026-05-28 15:15:00+00:00,10040.504400119538
2026-05-28 15:20:00+00:00,10040.504400119538
2026-05-28 15:25:00+00:00,10040.504400119538
2026-05-28 15:30:00+00:00,10040.27826263305
2026-05-28 15:35:00+00:00,10040.073921974403
2026-05-28 15:40:00+00:00,10040.073921974403
2026-05-28 15:45:00+00:00,10040.935361178348
2026-05-28 15:50:00+00:00,10040.935361178348
2026-05-28 15:55:00+00:00,10041.16227497182
2026-05-28 16:00:00+00:00,10042.029013191499
2026-05-28 16:05:00+00:00,10042.46148644788
2026-05-28 16:10:00+00:00,10042.46148644788
2026-05-28 16:15:00+00:00,10042.46148644788
2026-05-28 16:20:00+00:00,10042.889919105153
2026-05-28 16:25:00+00:00,10043.319653376404
2026-05-28 16:30:00+00:00,10043.319653376404
2026-05-28 16:35:00+00:00,10043.09552216343
2026-05-28 16:40:00+00:00,10043.09552216343
2026-05-28 16:45:00+00:00,10043.2891053462
2026-05-28 16:50:00+00:00,10043.717025631899
2026-05-28 16:55:00+00:00,10043.818018261618
2026-05-28 17:00:00+00:00,10043.388795269384
2026-05-28 17:05:00+00:00,10043.612728129925
2026-05-28 17:10:00+00:00,10042.757224490391
2026-05-28 17:15:00+00:00,10043.185304508486
2026-05-28 17:20:00+00:00,10043.185304508486
2026-05-28 17:25:00+00:00,10043.572997436666
2026-05-28 17:30:00+00:00,10044.430323343404
2026-05-28 17:35:00+00:00,10044.430323343404
2026-05-28 17:40:00+00:00,10044.654154659802
2026-05-28 17:45:00+00:00,10044.765292678774
2026-05-28 17:50:00+00:00,10044.765292678774
2026-05-28 17:55:00+00:00,10044.765292678774
2026-05-28 18:00:00+00:00,10044.624278331905
2026-05-28 18:05:00+00:00,10045.010610034918
2026-05-28 18:10:00+00:00,10044.58676992479
2026-05-28 18:15:00+00:00,10045.010413398848
2026-05-28 18:20:00+00:00,10045.010413398848
2026-05-28 18:25:00+00:00,10045.010413398848
2026-05-28 18:30:00+00:00,10045.010413398848
2026-05-28 18:35:00+00:00,10045.122049433672
2026-05-28 18:40:00+00:00,10045.315783706565
2026-05-28 18:45:00+00:00,10045.74143268045
2026-05-28 18:50:00+00:00,10046.18417139498
2026-05-28 18:55:00+00:00,10046.62727136946
2026-05-28 19:00:00+00:00,10046.62727136946
2026-05-28 19:05:00+00:00,10046.62727136946
2026-05-28 19:10:00+00:00,10046.821034672668
2026-05-28 19:15:00+00:00,10046.821034672668
2026-05-28 19:20:00+00:00,10046.821034672668
2026-05-28 19:25:00+00:00,10047.207897246202
2026-05-28 19:30:00+00:00,10047.096595508114
2026-05-28 19:35:00+00:00,10047.096595508114
2026-05-28 19:40:00+00:00,10047.253556867206
2026-05-28 19:45:00+00:00,10047.447220197138
2026-05-28 19:50:00+00:00,10047.559721005784
2026-05-28 19:55:00+00:00,10047.559721005784
2026-05-28 20:00:00+00:00,10047.783472474908
2026-05-28 20:05:00+00:00,10047.660893684222
2026-05-28 20:10:00+00:00,10047.660893684222
2026-05-28 20:15:00+00:00,10047.660893684222
2026-05-28 20:20:00+00:00,10047.660893684222
2026-05-28 20:25:00+00:00,10048.048236047125
2026-05-28 20:30:00+00:00,10048.048236047125
2026-05-28 20:35:00+00:00,10048.160404480213
2026-05-28 20:40:00+00:00,10048.586173988879
2026-05-28 20:45:00+00:00,10048.474099639403
2026-05-28 20:50:00+00:00,10048.900243579166
2026-05-28 20:55:00+00:00,10049.326948472737
2026-05-28 21:00:00+00:00,10049.66443846317
2026-05-28 21:05:00+00:00,10049.238063221828
2026-05-28 21:10:00+00:00,10049.238063221828
2026-05-28 21:15:00+00:00,10049.46212650083
2026-05-28 21:20:00+00:00,10049.361762352957
2026-05-28 21:25:00+00:00,10049.533923544357
2026-05-28 21:30:00+00:00,10049.960655345782
2026-05-28 21:35:00+00:00,10049.960655345782
2026-05-28 21:40:00+00:00,10049.960655345782
2026-05-28 21:45:00+00:00,10049.960655345782
2026-05-28 21:50:00+00:00,10049.76708907738
2026-05-28 21:55:00+00:00,10049.76708907738
2026-05-28 22:00:00+00:00,10049.76708907738
2026-05-28 22:05:00+00:00,10049.76708907738
2026-05-28 22:10:00+00:00,10049.879289223512
2026-05-28 22:15:00+00:00,10050.073227457577
2026-05-28 22:20:00+00:00,10050.655165687307
2026-05-28 22:25:00+00:00,10051.043596804822
2026-05-28 22:30:00+00:00,10051.447618253795
2026-05-28 22:35:00+00:00,10051.836305323333
2026-05-28 22:40:00+00:00,10052.06218928525
2026-05-28 22:45:00+00:00,10052.644917528107
2026-05-28 22:50:00+00:00,10052.839209080435
2026-05-28 22:55:00+00:00,10052.409967440424
2026-05-28 23:00:00+00:00,10052.604216908394
2026-05-28 23:05:00+00:00,10052.829586356145
2026-05-28 23:10:00+00:00,10052.829586356145
2026-05-28 23:15:00+00:00,10052.401806373748
2026-05-28 23:20:00+00:00,10052.595980640821
2026-05-28 23:25:00+00:00,10052.595980640821
2026-05-28 23:30:00+00:00,10052.595980640821
2026-05-28 23:35:00+00:00,10052.595980640821
2026-05-28 23:40:00+00:00,10052.790346379039
2026-05-28 23:45:00+00:00,10052.992493781941
2026-05-28 23:50:00+00:00,10052.992493781941
2026-05-28 23:55:00+00:00,10052.929489316575
2026-05-29 00:00:00+00:00,10053.030290775407
2026-05-29 00:05:00+00:00,10053.224740104048
2026-05-29 00:10:00+00:00,10053.65235493774
2026-05-29 00:15:00+00:00,10053.65235493774
2026-05-29 00:20:00+00:00,10053.458006351717
2026-05-29 00:25:00+00:00,10053.458006351717
2026-05-29 00:30:00+00:00,10053.558732311103
2026-05-29 00:35:00+00:00,10053.558732311103
2026-05-29 00:40:00+00:00,10053.947576199414
2026-05-29 00:45:00+00:00,10054.374676776144
2026-05-29 00:50:00+00:00,10054.48605790694
2026-05-29 00:55:00+00:00,10054.680535393552
2026-05-29 01:00:00+00:00,10054.680535393552
2026-05-29 01:05:00+00:00,10054.680535393552
2026-05-29 01:10:00+00:00,10054.78118284636
2026-05-29 01:15:00+00:00,10054.353319817303
2026-05-29 01:20:00+00:00,10054.547832359764
2026-05-29 01:25:00+00:00,10055.254832207343
2026-05-29 01:30:00+00:00,10054.82640209093
2026-05-29 01:35:00+00:00,10055.161339679275
2026-05-29 01:40:00+00:00,10055.161339679275
2026-05-29 01:45:00+00:00,10054.733096010634
2026-05-29 01:50:00+00:00,10054.733096010634
2026-05-29 01:55:00+00:00,10054.939008981415
2026-05-29 02:00:00+00:00,10055.140915387217
2026-05-29 02:05:00+00:00,10055.724160219896
2026-05-29 02:10:00+00:00,10055.724160219896
2026-05-29 02:15:00+00:00,10055.296620927369
2026-05-29 02:20:00+00:00,10055.74367201644
2026-05-29 02:25:00+00:00,10055.314306360078
2026-05-29 02:30:00+00:00,10055.314306360078
2026-05-29 02:35:00+00:00,10055.743104411522
2026-05-29 02:40:00+00:00,10055.743104411522
2026-05-29 02:45:00+00:00,10055.743104411522
2026-05-29 02:50:00+00:00,10056.174866674484
2026-05-29 02:55:00+00:00,10056.174866674484
2026-05-29 03:00:00+00:00,10056.377775771874
2026-05-29 03:05:00+00:00,10056.602876561483
2026-05-29 03:10:00+00:00,10056.400815020865
2026-05-29 03:15:00+00:00,10056.299623626066
2026-05-29 03:20:00+00:00,10056.493985814384
2026-05-29 03:25:00+00:00,10057.05423617571
2026-05-29 03:30:00+00:00,10057.390255361684
2026-05-29 03:35:00+00:00,10057.277957569642
2026-05-29 03:40:00+00:00,10057.277957569642
2026-05-29 03:45:00+00:00,10057.277957569642
2026-05-29 03:50:00+00:00,10057.277957569642
2026-05-29 03:55:00+00:00,10057.472602004664
2026-05-29 04:00:00+00:00,10057.599091205759
2026-05-29 04:05:00+00:00,10057.599091205759
2026-05-29 04:10:00+00:00,10057.599091205759
2026-05-29 04:15:00+00:00,10057.599091205759
2026-05-29 04:20:00+00:00,10057.599091205759
2026-05-29 04:25:00+00:00,10057.168727530483
2026-05-29 04:30:00+00:00,10057.168727530483
2026-05-29 04:35:00+00:00,10057.559524838722
2026-05-29 04:40:00+00:00,10057.559524838722
2026-05-29 04:45:00+00:00,10057.89884870933
2026-05-29 04:50:00+00:00,10058.328673446455
2026-05-29 04:55:00+00:00,10057.899929683734
2026-05-29 05:00:00+00:00,10058.328289987383
2026-05-29 05:05:00+00:00,10058.522841791832
2026-05-29 05:10:00+00:00,10058.522841791832
2026-05-29 05:15:00+00:00,10058.861094998034
2026-05-29 05:20:00+00:00,10058.973334019402
2026-05-29 05:25:00+00:00,10058.973334019402
2026-05-29 05:30:00+00:00,10058.973334019402
2026-05-29 05:35:00+00:00,10058.778505947854
2026-05-29 05:40:00+00:00,10059.207451726359
2026-05-29 05:45:00+00:00,10059.207451726359
2026-05-29 05:50:00+00:00,10059.30853912915
2026-05-29 05:55:00+00:00,10059.30853912915
2026-05-29 06:00:00+00:00,10059.734781016401
2026-05-29 06:05:00+00:00,10059.734781016401
2026-05-29 06:10:00+00:00,10059.797802064364
2026-05-29 06:15:00+00:00,10059.797802064364
2026-05-29 06:20:00+00:00,10059.797802064364
2026-05-29 06:25:00+00:00,10059.797802064364
2026-05-29 06:30:00+00:00,10060.022903827668
2026-05-29 06:35:00+00:00,10059.900355126196
2026-05-29 06:40:00+00:00,10060.32734580341
2026-05-29 06:45:00+00:00,10060.32734580341
2026-05-29 06:50:00+00:00,10061.180639047328
2026-05-29 06:55:00+00:00,10060.75431783381
2026-05-29 07:00:00+00:00,10060.75431783381
2026-05-29 07:05:00+00:00,10061.180982563148
2026-05-29 07:10:00+00:00,10060.75538269079
2026-05-29 07:15:00+00:00,10061.18168588497
2026-05-29 07:20:00+00:00,10061.18168588497
2026-05-29 07:25:00+00:00,10061.293179476348
2026-05-29 07:30:00+00:00,10061.293179476348
2026-05-29 07:35:00+00:00,10061.293179476348
2026-05-29 07:40:00+00:00,10060.863209682353
2026-05-29 07:45:00+00:00,10061.253165620712
2026-05-29 07:50:00+00:00,10061.253165620712
2026-05-29 07:55:00+00:00,10061.253165620712
2026-05-29 08:00:00+00:00,10061.253165620712
2026-05-29 08:05:00+00:00,10061.253165620712
2026-05-29 08:10:00+00:00,10061.253165620712
2026-05-29 08:15:00+00:00,10061.253165620712
2026-05-29 08:20:00+00:00,10060.826117523698
2026-05-29 08:25:00+00:00,10061.049047417728
2026-05-29 08:30:00+00:00,10061.049047417728
2026-05-29 08:35:00+00:00,10061.049047417728
2026-05-29 08:40:00+00:00,10061.17117717067
2026-05-29 08:45:00+00:00,10061.17117717067
2026-05-29 08:50:00+00:00,10061.365408274476
2026-05-29 08:55:00+00:00,10061.365408274476
2026-05-29 09:00:00+00:00,10061.793005614394
2026-05-29 09:05:00+00:00,10061.793005614394
2026-05-29 09:10:00+00:00,10061.793005614394
2026-05-29 09:15:00+00:00,10062.036691567546
2026-05-29 09:20:00+00:00,10062.036691567546
2026-05-29 09:25:00+00:00,10062.036691567546
2026-05-29 09:30:00+00:00,10062.463410680844
2026-05-29 09:35:00+00:00,10062.238927392262
2026-05-29 09:40:00+00:00,10062.666017329757
2026-05-29 09:45:00+00:00,10062.8604274151
2026-05-29 09:50:00+00:00,10063.16288790285
2026-05-29 09:55:00+00:00,10063.16288790285
2026-05-29 10:00:00+00:00,10063.16288790285
2026-05-29 10:05:00+00:00,10063.46599521875
2026-05-29 10:10:00+00:00,10063.46599521875
2026-05-29 10:15:00+00:00,10063.71066981139
2026-05-29 10:20:00+00:00,10063.281879412165
2026-05-29 10:25:00+00:00,10063.281879412165
2026-05-29 10:30:00+00:00,10063.281879412165
2026-05-29 10:35:00+00:00,10063.281879412165
2026-05-29 10:40:00+00:00,10063.47633896539
2026-05-29 10:45:00+00:00,10063.47633896539
2026-05-29 10:50:00+00:00,10063.700170734495
2026-05-29 10:55:00+00:00,10063.929116669979
2026-05-29 11:00:00+00:00,10064.264954126596
2026-05-29 11:05:00+00:00,10064.264954126596
2026-05-29 11:10:00+00:00,10064.15304191761
2026-05-29 11:15:00+00:00,10063.958603103045
2026-05-29 11:20:00+00:00,10064.153075733057
2026-05-29 11:25:00+00:00,10064.153075733057
2026-05-29 11:30:00+00:00,10064.153075733057
2026-05-29 11:35:00+00:00,10064.153075733057
2026-05-29 11:40:00+00:00,10064.030147272379
2026-05-29 11:45:00+00:00,10064.14277070733
2026-05-29 11:50:00+00:00,10064.14277070733
2026-05-29 11:55:00+00:00,10063.947993413529
2026-05-29 12:00:00+00:00,10064.060653751527
2026-05-29 12:05:00+00:00,10064.060653751527
2026-05-29 12:10:00+00:00,10063.628719817889
2026-05-29 12:15:00+00:00,10063.58130950671
2026-05-29 12:20:00+00:00,10064.263509120958
2026-05-29 12:25:00+00:00,10064.377229612586
2026-05-29 12:30:00+00:00,10064.377229612586
2026-05-29 12:35:00+00:00,10064.377229612586
2026-05-29 12:40:00+00:00,10063.944166909074
2026-05-29 12:45:00+00:00,10063.510936424058
2026-05-29 12:50:00+00:00,10063.705663802859
2026-05-29 12:55:00+00:00,10063.705663802859
2026-05-29 13:00:00+00:00,10063.953111692306
2026-05-29 13:05:00+00:00,10064.386902774706
2026-05-29 13:10:00+00:00,10063.952905926808
2026-05-29 13:15:00+00:00,10063.952905926808
2026-05-29 13:20:00+00:00,10063.952905926808
2026-05-29 13:25:00+00:00,10064.179469477143
2026-05-29 13:30:00+00:00,10064.408461046414
2026-05-29 13:35:00+00:00,10064.408461046414
2026-05-29 13:40:00+00:00,10064.841152725738
2026-05-29 13:45:00+00:00,10065.180340812214
2026-05-29 13:50:00+00:00,10065.354646112595
2026-05-29 13:55:00+00:00,10065.787378470553
2026-05-29 14:00:00+00:00,10066.219757653478
2026-05-29 14:05:00+00:00,10066.219757653478
2026-05-29 14:10:00+00:00,10066.65215540939
2026-05-29 14:15:00+00:00,10067.085875881403
2026-05-29 14:20:00+00:00,10067.085875881403
2026-05-29 14:25:00+00:00,10066.890056276738
2026-05-29 14:30:00+00:00,10066.890056276738
2026-05-29 14:35:00+00:00,10066.412952482602
2026-05-29 14:40:00+00:00,10066.80555829198
2026-05-29 14:45:00+00:00,10066.900987295283
2026-05-29 14:50:00+00:00,10067.096233629403
2026-05-29 14:55:00+00:00,10067.32731583378
2026-05-29 15:00:00+00:00,10067.75957548667
2026-05-29 15:05:00+00:00,10068.190005566854
2026-05-29 15:10:00+00:00,10068.190005566854
2026-05-29 15:15:00+00:00,10068.190005566854
2026-05-29 15:20:00+00:00,10068.190005566854
2026-05-29 15:25:00+00:00,10068.077221988882
2026-05-29 15:30:00+00:00,10068.50275357054
2026-05-29 15:35:00+00:00,10068.392437993092
2026-05-29 15:40:00+00:00,10068.585652202226
2026-05-29 15:45:00+00:00,10068.972310637411
2026-05-29 15:50:00+00:00,10069.828151887785
2026-05-29 15:55:00+00:00,10069.828151887785
2026-05-29 16:00:00+00:00,10069.40110234784
2026-05-29 16:05:00+00:00,10069.828133777117
2026-05-29 16:10:00+00:00,10069.985204875757
2026-05-29 16:15:00+00:00,10070.207819780253
2026-05-29 16:20:00+00:00,10070.595956524126
2026-05-29 16:25:00+00:00,10070.789770918978
2026-05-29 16:30:00+00:00,10070.789770918978
2026-05-29 16:35:00+00:00,10070.789770918978
2026-05-29 16:40:00+00:00,10070.36249939709
2026-05-29 16:45:00+00:00,10070.694562350467
2026-05-29 16:50:00+00:00,10070.582053194368
2026-05-29 16:55:00+00:00,10070.803311725693
2026-05-29 17:00:00+00:00,10071.411222587338
2026-05-29 17:05:00+00:00,10071.411222587338
2026-05-29 17:10:00+00:00,10071.635805288253
2026-05-29 17:15:00+00:00,10071.208860150258
2026-05-29 17:20:00+00:00,10071.208860150258
2026-05-29 17:25:00+00:00,10071.319326409555
2026-05-29 17:30:00+00:00,10071.772841510976
2026-05-29 17:35:00+00:00,10072.1169189707
2026-05-29 17:40:00+00:00,10072.544428177787
2026-05-29 17:45:00+00:00,10072.931090151997
2026-05-29 17:50:00+00:00,10072.931090151997
2026-05-29 17:55:00+00:00,10073.317766969278
2026-05-29 18:00:00+00:00,10073.317766969278
2026-05-29 18:05:00+00:00,10073.747332758914
2026-05-29 18:10:00+00:00,10073.940575562152
2026-05-29 18:15:00+00:00,10074.051963671125
2026-05-29 18:20:00+00:00,10074.483031363196
2026-05-29 18:25:00+00:00,10074.483031363196
2026-05-29 18:30:00+00:00,10074.483031363196
2026-05-29 18:35:00+00:00,10074.676920567032
2026-05-29 18:40:00+00:00,10074.788366108189
2026-05-29 18:45:00+00:00,10074.788366108189
2026-05-29 18:50:00+00:00,10074.788366108189
2026-05-29 18:55:00+00:00,10074.788366108189
2026-05-29 19:00:00+00:00,10074.788366108189
2026-05-29 19:05:00+00:00,10074.788366108189
2026-05-29 19:10:00+00:00,10074.788366108189
2026-05-29 19:15:00+00:00,10074.983727526962
2026-05-29 19:20:00+00:00,10074.983727526962
2026-05-29 19:25:00+00:00,10074.907082538544
2026-05-29 19:30:00+00:00,10074.907082538544
2026-05-29 19:35:00+00:00,10075.06386602878
2026-05-29 19:40:00+00:00,10075.186269914895
2026-05-29 19:45:00+00:00,10074.603664694969
2026-05-29 19:50:00+00:00,10074.797817781588
2026-05-29 19:55:00+00:00,10075.190474957431
2026-05-29 20:00:00+00:00,10075.190474957431
2026-05-29 20:05:00+00:00,10075.190474957431
2026-05-29 20:10:00+00:00,10075.622701061033
2026-05-29 20:15:00+00:00,10076.055316891907
2026-05-29 20:20:00+00:00,10076.055316891907
2026-05-29 20:25:00+00:00,10076.055316891907
2026-05-29 20:30:00+00:00,10076.055316891907
2026-05-29 20:35:00+00:00,10076.356874812405
2026-05-29 20:40:00+00:00,10076.744426999898
2026-05-29 20:45:00+00:00,10076.744426999898
2026-05-29 20:50:00+00:00,10076.744426999898
2026-05-29 20:55:00+00:00,10077.177090994188
2026-05-29 21:00:00+00:00,10076.744408422655
2026-05-29 21:05:00+00:00,10076.744408422655
2026-05-29 21:10:00+00:00,10076.516788264345
2026-05-29 21:15:00+00:00,10076.516788264345
2026-05-29 21:20:00+00:00,10076.72061716292
2026-05-29 21:25:00+00:00,10077.15365199821
2026-05-29 21:30:00+00:00,10077.15365199821
2026-05-29 21:35:00+00:00,10077.03946328827
2026-05-29 21:40:00+00:00,10077.03946328827
2026-05-29 21:45:00+00:00,10076.606972324182
2026-05-29 21:50:00+00:00,10076.173756203274
2026-05-29 21:55:00+00:00,10075.94456994702
2026-05-29 22:00:00+00:00,10075.511195987023
2026-05-29 22:05:00+00:00,10075.511195987023
2026-05-29 22:10:00+00:00,10075.511195987023
2026-05-29 22:15:00+00:00,10075.511195987023
2026-05-29 22:20:00+00:00,10075.079141476046
2026-05-29 22:25:00+00:00,10075.079141476046
2026-05-29 22:30:00+00:00,10075.079141476046
2026-05-29 22:35:00+00:00,10075.38227293151
2026-05-29 22:40:00+00:00,10075.685140134105
2026-05-29 22:45:00+00:00,10075.253078164116
2026-05-29 22:50:00+00:00,10075.477396389168
2026-05-29 22:55:00+00:00,10075.477396389168
2026-05-29 23:00:00+00:00,10075.477396389168
2026-05-29 23:05:00+00:00,10075.477396389168
2026-05-29 23:10:00+00:00,10075.881506582546
2026-05-29 23:15:00+00:00,10076.269862007737
2026-05-29 23:20:00+00:00,10076.46408463422
2026-05-29 23:25:00+00:00,10076.576107581242
2026-05-29 23:30:00+00:00,10076.576107581242
2026-05-29 23:35:00+00:00,10076.77850943135
2026-05-29 23:40:00+00:00,10076.77850943135
2026-05-29 23:45:00+00:00,10077.644956422702
2026-05-29 23:50:00+00:00,10078.077659082917
2026-05-29 23:55:00+00:00,10078.077659082917
2026-05-30 00:00:00+00:00,10078.250097376016
2026-05-30 00:05:00+00:00,10078.250097376016
2026-05-30 00:10:00+00:00,10078.681899008294
2026-05-30 00:15:00+00:00,10078.681899008294
2026-05-30 00:20:00+00:00,10078.875981078369
2026-05-30 00:25:00+00:00,10078.445075735013
2026-05-30 00:30:00+00:00,10079.307587080819
2026-05-30 00:35:00+00:00,10079.307587080819
2026-05-30 00:40:00+00:00,10079.307587080819
2026-05-30 00:45:00+00:00,10079.307587080819
2026-05-30 00:50:00+00:00,10079.762532131013
2026-05-30 00:55:00+00:00,10079.762532131013
2026-05-30 01:00:00+00:00,10079.762532131013
2026-05-30 01:05:00+00:00,10079.649225447873
2026-05-30 01:10:00+00:00,10079.22139653338
2026-05-30 01:15:00+00:00,10079.22139653338
2026-05-30 01:20:00+00:00,10079.414042202274
2026-05-30 01:25:00+00:00,10079.414042202274
2026-05-30 01:30:00+00:00,10079.414042202274
2026-05-30 01:35:00+00:00,10079.414042202274
2026-05-30 01:40:00+00:00,10079.535847810035
2026-05-30 01:45:00+00:00,10079.535847810035
2026-05-30 01:50:00+00:00,10079.535847810035
2026-05-30 01:55:00+00:00,10079.72827881133
2026-05-30 02:00:00+00:00,10079.72827881133
2026-05-30 02:05:00+00:00,10079.72827881133
2026-05-30 02:10:00+00:00,10079.837722115117
2026-05-30 02:15:00+00:00,10079.837722115117
2026-05-30 02:20:00+00:00,10080.06256792645
2026-05-30 02:25:00+00:00,10080.06256792645
2026-05-30 02:30:00+00:00,10079.639391496226
2026-05-30 02:35:00+00:00,10080.064155060976
2026-05-30 02:40:00+00:00,10080.064155060976
2026-05-30 02:45:00+00:00,10080.307487931346
2026-05-30 02:50:00+00:00,10080.307487931346
2026-05-30 02:55:00+00:00,10080.419280184733
2026-05-30 03:00:00+00:00,10080.419280184733
2026-05-30 03:05:00+00:00,10080.611251605038
2026-05-30 03:10:00+00:00,10080.188938607484
2026-05-30 03:15:00+00:00,10080.188938607484
2026-05-30 03:20:00+00:00,10080.300915822976
2026-05-30 03:25:00+00:00,10080.492921554705
2026-05-30 03:30:00+00:00,10080.676905729219
2026-05-30 03:35:00+00:00,10080.901219857073
2026-05-30 03:40:00+00:00,10081.209711846173
2026-05-30 03:45:00+00:00,10081.515852438699
2026-05-30 03:50:00+00:00,10081.740510173573
2026-05-30 03:55:00+00:00,10081.602653833319
2026-05-30 04:00:00+00:00,10081.602653833319
2026-05-30 04:05:00+00:00,10081.602653833319
2026-05-30 04:10:00+00:00,10081.490236319338
2026-05-30 04:15:00+00:00,10081.818766307486
2026-05-30 04:20:00+00:00,10082.011461620297
2026-05-30 04:25:00+00:00,10082.2451696102
2026-05-30 04:30:00+00:00,10082.398675170029
2026-05-30 04:35:00+00:00,10082.398675170029
2026-05-30 04:40:00+00:00,10082.398675170029
2026-05-30 04:45:00+00:00,10081.969271478582
2026-05-30 04:50:00+00:00,10082.39847408699
2026-05-30 04:55:00+00:00,10082.82751231993
2026-05-30 05:00:00+00:00,10082.82751231993
2026-05-30 05:05:00+00:00,10082.674927157817
2026-05-30 05:10:00+00:00,10083.004785661433
2026-05-30 05:15:00+00:00,10083.433120614094
2026-05-30 05:20:00+00:00,10083.585346355649
2026-05-30 05:25:00+00:00,10084.136061011375
2026-05-30 05:30:00+00:00,10084.136061011375
2026-05-30 05:35:00+00:00,10084.136061011375
2026-05-30 05:40:00+00:00,10084.335371932633
2026-05-30 05:45:00+00:00,10084.763581502566
2026-05-30 05:50:00+00:00,10085.093472362281
2026-05-30 05:55:00+00:00,10085.31340679631
2026-05-30 06:00:00+00:00,10085.539256385533
2026-05-30 06:05:00+00:00,10085.539256385533
2026-05-30 06:10:00+00:00,10085.46424865642
2026-05-30 06:15:00+00:00,10085.46424865642
2026-05-30 06:20:00+00:00,10085.793946735814
2026-05-30 06:25:00+00:00,10086.221673366294
2026-05-30 06:30:00+00:00,10086.334368580521
2026-05-30 06:35:00+00:00,10086.409259688098
2026-05-30 06:40:00+00:00,10086.519001927894
2026-05-30 06:45:00+00:00,10086.519001927894
2026-05-30 06:50:00+00:00,10086.519001927894
2026-05-30 06:55:00+00:00,10086.63207949518
2026-05-30 07:00:00+00:00,10087.061663484938
2026-05-30 07:05:00+00:00,10087.061663484938
2026-05-30 07:10:00+00:00,10087.061663484938
2026-05-30 07:15:00+00:00,10087.061663484938
2026-05-30 07:20:00+00:00,10087.254164661721
2026-05-30 07:25:00+00:00,10087.254164661721
2026-05-30 07:30:00+00:00,10087.682680131758
2026-05-30 07:35:00+00:00,10087.682680131758
2026-05-30 07:40:00+00:00,10087.878003150587
2026-05-30 07:45:00+00:00,10087.68552312763
2026-05-30 07:50:00+00:00,10087.68552312763
2026-05-30 07:55:00+00:00,10088.015869777224
2026-05-30 08:00:00+00:00,10087.587503922881
2026-05-30 08:05:00+00:00,10088.028346816092
2026-05-30 08:10:00+00:00,10088.358957314676
2026-05-30 08:15:00+00:00,10088.78806658551
2026-05-30 08:20:00+00:00,10089.216829359271
2026-05-30 08:25:00+00:00,10089.216829359271
2026-05-30 08:30:00+00:00,10089.601326951853
2026-05-30 08:35:00+00:00,10089.601326951853
2026-05-30 08:40:00+00:00,10089.7145533162
2026-05-30 08:45:00+00:00,10089.7145533162
2026-05-30 08:50:00+00:00,10090.144268586784
2026-05-30 08:55:00+00:00,10090.57510309868
2026-05-30 09:00:00+00:00,10090.461687620393
2026-05-30 09:05:00+00:00,10090.461687620393
2026-05-30 09:10:00+00:00,10090.461687620393
2026-05-30 09:15:00+00:00,10090.461687620393
2026-05-30 09:20:00+00:00,10090.461687620393
2026-05-30 09:25:00+00:00,10090.032853719516
2026-05-30 09:30:00+00:00,10090.032853719516
2026-05-30 09:35:00+00:00,10089.603673249345
2026-05-30 09:40:00+00:00,10089.603673249345
2026-05-30 09:45:00+00:00,10090.033018086504
2026-05-30 09:50:00+00:00,10090.033018086504
2026-05-30 09:55:00+00:00,10089.604202403627
2026-05-30 10:00:00+00:00,10089.795801420003
2026-05-30 10:05:00+00:00,10089.795801420003
2026-05-30 10:10:00+00:00,10089.795801420003
2026-05-30 10:15:00+00:00,10089.795801420003
2026-05-30 10:20:00+00:00,10090.064615730453
2026-05-30 10:25:00+00:00,10090.256442053946
2026-05-30 10:30:00+00:00,10090.448272024327
2026-05-30 10:35:00+00:00,10090.0190738843
2026-05-30 10:40:00+00:00,10090.1292991309
2026-05-30 10:45:00+00:00,10090.1292991309
2026-05-30 10:50:00+00:00,10090.532946162557
2026-05-30 10:55:00+00:00,10090.682391259508
2026-05-30 11:00:00+00:00,10091.065921567044
2026-05-30 11:05:00+00:00,10091.065921567044
2026-05-30 11:10:00+00:00,10091.25762114762
2026-05-30 11:15:00+00:00,10091.25762114762
2026-05-30 11:20:00+00:00,10091.25762114762
2026-05-30 11:25:00+00:00,10091.408012468353
2026-05-30 11:30:00+00:00,10090.978408040406
2026-05-30 11:35:00+00:00,10091.407628729816
2026-05-30 11:40:00+00:00,10091.599480585875
2026-05-30 11:45:00+00:00,10092.028727692663
2026-05-30 11:50:00+00:00,10092.220810462508
2026-05-30 11:55:00+00:00,10092.64990148336
2026-05-30 12:00:00+00:00,10093.0341638059
2026-05-30 12:05:00+00:00,10092.920962435735
2026-05-30 12:10:00+00:00,10092.810500347934
2026-05-30 12:15:00+00:00,10092.810500347934
2026-05-30 12:20:00+00:00,10092.810500347934
2026-05-30 12:25:00+00:00,10093.668732533339
2026-05-30 12:30:00+00:00,10094.526672927093
2026-05-30 12:35:00+00:00,10094.526672927093
2026-05-30 12:40:00+00:00,10094.71862057252
2026-05-30 12:45:00+00:00,10094.605438392671
2026-05-30 12:50:00+00:00,10094.989044907526
2026-05-30 12:55:00+00:00,10095.564367231515
2026-05-30 13:00:00+00:00,10095.756043031159
2026-05-30 13:05:00+00:00,10096.184555596652
2026-05-30 13:10:00+00:00,10096.184555596652
2026-05-30 13:15:00+00:00,10096.613086350286
2026-05-30 13:20:00+00:00,10097.041271807722
2026-05-30 13:25:00+00:00,10097.041271807722
2026-05-30 13:30:00+00:00,10097.154492723532
2026-05-30 13:35:00+00:00,10097.375340372104
2026-05-30 13:40:00+00:00,10097.375340372104
2026-05-30 13:45:00+00:00,10097.950908033536
2026-05-30 13:50:00+00:00,10098.142556371135
2026-05-30 13:55:00+00:00,10098.142556371135
2026-05-30 14:00:00+00:00,10098.33402665093
2026-05-30 14:05:00+00:00,10099.190180447169
2026-05-30 14:10:00+00:00,10099.618475196128
2026-05-30 14:15:00+00:00,10100.046243873603
2026-05-30 14:20:00+00:00,10100.265977284762
2026-05-30 14:25:00+00:00,10099.838724070833
2026-05-30 14:30:00+00:00,10100.223333313943
2026-05-30 14:35:00+00:00,10100.223333313943
2026-05-30 14:40:00+00:00,10100.391236051983
2026-05-30 14:45:00+00:00,10100.1987376484
2026-05-30 14:50:00+00:00,10100.1987376484
2026-05-30 14:55:00+00:00,10100.308284272453
2026-05-30 15:00:00+00:00,10100.886105112513
2026-05-30 15:05:00+00:00,10101.078612947564
2026-05-30 15:10:00+00:00,10101.27086796494
2026-05-30 15:15:00+00:00,10101.050716765494
2026-05-30 15:20:00+00:00,10101.050716765494
2026-05-30 15:25:00+00:00,10100.722191698816
2026-05-30 15:30:00+00:00,10101.149464211156
2026-05-30 15:35:00+00:00,10101.149464211156
2026-05-30 15:40:00+00:00,10101.149464211156
2026-05-30 15:45:00+00:00,10101.149464211156
2026-05-30 15:50:00+00:00,10100.722715184362
2026-05-30 15:55:00+00:00,10100.91547706824
2026-05-30 16:00:00+00:00,10101.140868465698
2026-05-30 16:05:00+00:00,10100.714300016862
2026-05-30 16:10:00+00:00,10100.714300016862
2026-05-30 16:15:00+00:00,10101.29258518671
2026-05-30 16:20:00+00:00,10100.865107718017
2026-05-30 16:25:00+00:00,10100.438009827627
2026-05-30 16:30:00+00:00,10100.864728797202
2026-05-30 16:35:00+00:00,10101.291285584735
2026-05-30 16:40:00+00:00,10101.718220972967
2026-05-30 16:45:00+00:00,10101.60881213271
2026-05-30 16:50:00+00:00,10101.60881213271
2026-05-30 16:55:00+00:00,10101.801738198641
2026-05-30 17:00:00+00:00,10101.94323983386
2026-05-30 17:05:00+00:00,10102.055783764785
2026-05-30 17:10:00+00:00,10102.45568418036
2026-05-30 17:15:00+00:00,10102.599552817275
2026-05-30 17:20:00+00:00,10102.599552817275
2026-05-30 17:25:00+00:00,10102.94329557171
2026-05-30 17:30:00+00:00,10103.394874219404
2026-05-30 17:35:00+00:00,10103.588055765757
2026-05-30 17:40:00+00:00,10103.588055765757
2026-05-30 17:45:00+00:00,10103.780909135785
2026-05-30 17:50:00+00:00,10103.780909135785
2026-05-30 17:55:00+00:00,10103.780909135785
2026-05-30 18:00:00+00:00,10104.207049199435
2026-05-30 18:05:00+00:00,10104.461662995613
2026-05-30 18:10:00+00:00,10104.654496233456
2026-05-30 18:15:00+00:00,10105.107950185156
2026-05-30 18:20:00+00:00,10105.534506029402
2026-05-30 18:25:00+00:00,10105.961741140987
2026-05-30 18:30:00+00:00,10106.445171130294
2026-05-30 18:35:00+00:00,10106.743468152872
2026-05-30 18:40:00+00:00,10107.595279654613
2026-05-30 18:45:00+00:00,10107.595279654613
2026-05-30 18:50:00+00:00,10107.39609559156
2026-05-30 18:55:00+00:00,10107.283741255238
2026-05-30 19:00:00+00:00,10107.31184905507
2026-05-30 19:05:00+00:00,10107.424340004976
2026-05-30 19:10:00+00:00,10107.424340004976
2026-05-30 19:15:00+00:00,10107.850095031936
2026-05-30 19:20:00+00:00,10108.042588844448
2026-05-30 19:25:00+00:00,10108.183644420626
2026-05-30 19:30:00+00:00,10107.75713878162
2026-05-30 19:35:00+00:00,10107.975850393408
2026-05-30 19:40:00+00:00,10108.116806687514
2026-05-30 19:45:00+00:00,10108.238649946998
2026-05-30 19:50:00+00:00,10108.02047082656
2026-05-30 19:55:00+00:00,10108.02047082656
2026-05-30 20:00:00+00:00,10108.13290709431
2026-05-30 20:05:00+00:00,10108.13290709431
2026-05-30 20:10:00+00:00,10108.325186586551
2026-05-30 20:15:00+00:00,10108.751518310995
2026-05-30 20:20:00+00:00,10109.178047910924
2026-05-30 20:25:00+00:00,10109.178047910924
2026-05-30 20:30:00+00:00,10109.599790841583
2026-05-30 20:35:00+00:00,10109.86686870035
2026-05-30 20:40:00+00:00,10110.14785443878
2026-05-30 20:45:00+00:00,10110.56934476067
2026-05-30 20:50:00+00:00,10110.766075783362
2026-05-30 20:55:00+00:00,10110.766075783362
2026-05-30 21:00:00+00:00,10110.766075783362
2026-05-30 21:05:00+00:00,10110.766075783362
2026-05-30 21:10:00+00:00,10111.102951596638
2026-05-30 21:15:00+00:00,10111.102951596638
2026-05-30 21:20:00+00:00,10111.665148035427
2026-05-30 21:25:00+00:00,10112.085941424859
2026-05-30 21:30:00+00:00,10112.285351520331
2026-05-30 21:35:00+00:00,10112.285351520331
2026-05-30 21:40:00+00:00,10112.47767341747
2026-05-30 21:45:00+00:00,10112.47767341747
2026-05-30 21:50:00+00:00,10112.47767341747
2026-05-30 21:55:00+00:00,10112.47767341747
2026-05-30 22:00:00+00:00,10112.47767341747
2026-05-30 22:05:00+00:00,10112.670402170537
2026-05-30 22:10:00+00:00,10112.863024463912
2026-05-30 22:15:00+00:00,10113.290629665791
2026-05-30 22:20:00+00:00,10113.19032925292
2026-05-30 22:25:00+00:00,10113.41634758635
2026-05-30 22:30:00+00:00,10113.190298942014
2026-05-30 22:35:00+00:00,10113.190298942014
2026-05-30 22:40:00+00:00,10112.761410464536
2026-05-30 22:45:00+00:00,10113.189735810172
2026-05-30 22:50:00+00:00,10112.761210821367
2026-05-30 22:55:00+00:00,10112.871239775897
2026-05-30 23:00:00+00:00,10112.871239775897
2026-05-30 23:05:00+00:00,10112.014942465163
2026-05-30 23:10:00+00:00,10111.586103833166
2026-05-30 23:15:00+00:00,10111.157828267565
2026-05-30 23:20:00+00:00,10111.044626769264
2026-05-30 23:25:00+00:00,10111.485099199095
2026-05-30 23:30:00+00:00,10111.595330149703
2026-05-30 23:35:00+00:00,10111.402250231235
2026-05-30 23:40:00+00:00,10111.622975012946
2026-05-30 23:45:00+00:00,10111.622975012946
2026-05-30 23:50:00+00:00,10111.622975012946
2026-05-30 23:55:00+00:00,10111.723478173417
2026-05-31 00:00:00+00:00,10112.109569180602
2026-05-31 00:05:00+00:00,10111.883726420821
2026-05-31 00:10:00+00:00,10111.455438249435
2026-05-31 00:15:00+00:00,10111.455438249435
2026-05-31 00:20:00+00:00,10111.88334580078
2026-05-31 00:25:00+00:00,10111.88334580078
2026-05-31 00:30:00+00:00,10112.13421951925
2026-05-31 00:35:00+00:00,10112.562518300254
2026-05-31 00:40:00+00:00,10112.757994890506
2026-05-31 00:45:00+00:00,10112.757994890506
2026-05-31 00:50:00+00:00,10112.757994890506
2026-05-31 00:55:00+00:00,10112.757994890506
2026-05-31 01:00:00+00:00,10112.980884010707
2026-05-31 01:05:00+00:00,10113.408494196077
2026-05-31 01:10:00+00:00,10113.836122462217
2026-05-31 01:15:00+00:00,10113.948698554408
2026-05-31 01:20:00+00:00,10114.375447444643
2026-05-31 01:25:00+00:00,10114.262877879284
2026-05-31 01:30:00+00:00,10115.115682506424
2026-05-31 01:35:00+00:00,10115.115682506424
2026-05-31 01:40:00+00:00,10115.115682506424
2026-05-31 01:45:00+00:00,10115.115682506424
2026-05-31 01:50:00+00:00,10115.240781847016
2026-05-31 01:55:00+00:00,10116.095470548482
2026-05-31 02:00:00+00:00,10116.52195012144
2026-05-31 02:05:00+00:00,10116.947908940392
2026-05-31 02:10:00+00:00,10116.947908940392
2026-05-31 02:15:00+00:00,10116.947908940392
2026-05-31 02:20:00+00:00,10117.235598558515
2026-05-31 02:25:00+00:00,10117.662666333887
2026-05-31 02:30:00+00:00,10117.562332511332
2026-05-31 02:35:00+00:00,10117.989414078766
2026-05-31 02:40:00+00:00,10117.989414078766
2026-05-31 02:45:00+00:00,10118.20819915678
2026-05-31 02:50:00+00:00,10118.635127772777
2026-05-31 02:55:00+00:00,10118.635127772777
2026-05-31 03:00:00+00:00,10119.061175567631
2026-05-31 03:05:00+00:00,10119.913665978378
2026-05-31 03:10:00+00:00,10120.765869234461
2026-05-31 03:15:00+00:00,10121.191648194043
2026-05-31 03:20:00+00:00,10122.042168500613
2026-05-31 03:25:00+00:00,10122.892046096626
2026-05-31 03:30:00+00:00,10123.741638379135
2026-05-31 03:35:00+00:00,10123.741638379135
2026-05-31 03:40:00+00:00,10123.809908266776
2026-05-31 03:45:00+00:00,10123.809908266776
2026-05-31 03:50:00+00:00,10123.87844204628
2026-05-31 03:55:00+00:00,10124.070728436442
2026-05-31 04:00:00+00:00,10124.495752396493
2026-05-31 04:05:00+00:00,10124.880421687998
2026-05-31 04:10:00+00:00,10124.880421687998
2026-05-31 04:15:00+00:00,10124.880421687998
2026-05-31 04:20:00+00:00,10125.456681245294
2026-05-31 04:25:00+00:00,10126.225946710156
2026-05-31 04:30:00+00:00,10126.4182776873
2026-05-31 04:35:00+00:00,10126.746773089906
2026-05-31 04:40:00+00:00,10126.939187051014
2026-05-31 04:45:00+00:00,10127.131531574983
2026-05-31 04:50:00+00:00,10127.01943138092
2026-05-31 04:55:00+00:00,10127.01943138092
2026-05-31 05:00:00+00:00,10127.404562372796
2026-05-31 05:05:00+00:00,10127.514118891211
2026-05-31 05:10:00+00:00,10127.514118891211
2026-05-31 05:15:00+00:00,10127.706730418768
2026-05-31 05:20:00+00:00,10127.706730418768
2026-05-31 05:25:00+00:00,10127.930869109272
2026-05-31 05:30:00+00:00,10127.630396476683
2026-05-31 05:35:00+00:00,10127.520932248446
2026-05-31 05:40:00+00:00,10127.399031418736
2026-05-31 05:45:00+00:00,10126.97297340311
2026-05-31 05:50:00+00:00,10127.358983426871
2026-05-31 05:55:00+00:00,10127.785039757684
2026-05-31 06:00:00+00:00,10127.448866321976
2026-05-31 06:05:00+00:00,10127.641880403668
2026-05-31 06:10:00+00:00,10127.641880403668
2026-05-31 06:15:00+00:00,10127.215453377125
2026-05-31 06:20:00+00:00,10126.7892237705
2026-05-31 06:25:00+00:00,10126.363012102833
2026-05-31 06:30:00+00:00,10126.582899470774
2026-05-31 06:35:00+00:00,10127.161781877374
2026-05-31 06:40:00+00:00,10127.35490090449
2026-05-31 06:45:00+00:00,10127.740484567192
2026-05-31 06:50:00+00:00,10127.740484567192
2026-05-31 06:55:00+00:00,10127.823054400205
2026-05-31 07:00:00+00:00,10128.209538775493
2026-05-31 07:05:00+00:00,10128.402640959262
2026-05-31 07:10:00+00:00,10128.402640959262
2026-05-31 07:15:00+00:00,10128.292585513855
2026-05-31 07:20:00+00:00,10128.720662123555
2026-05-31 07:25:00+00:00,10129.148395259625
2026-05-31 07:30:00+00:00,10129.148395259625
2026-05-31 07:35:00+00:00,10129.148395259625
2026-05-31 07:40:00+00:00,10129.148395259625
2026-05-31 07:45:00+00:00,10128.292169697896
2026-05-31 07:50:00+00:00,10128.292169697896
2026-05-31 07:55:00+00:00,10128.292169697896
2026-05-31 08:00:00+00:00,10128.404543959181
2026-05-31 08:05:00+00:00,10127.977545453956
2026-05-31 08:10:00+00:00,10128.404706042124
2026-05-31 08:15:00+00:00,10128.404706042124
2026-05-31 08:20:00+00:00,10128.211563313176
2026-05-31 08:25:00+00:00,10127.784752880672
2026-05-31 08:30:00+00:00,10127.897158926764
2026-05-31 08:35:00+00:00,10127.470001729002
2026-05-31 08:40:00+00:00,10127.244871796764
2026-05-31 08:45:00+00:00,10127.354616539631
2026-05-31 08:50:00+00:00,10127.718738590727
2026-05-31 08:55:00+00:00,10127.844738326212
2026-05-31 09:00:00+00:00,10127.844738326212
2026-05-31 09:05:00+00:00,10127.844738326212
2026-05-31 09:10:00+00:00,10127.643429545884
2026-05-31 09:15:00+00:00,10127.978661722958
2026-05-31 09:20:00+00:00,10127.125420049688
2026-05-31 09:25:00+00:00,10127.125420049688
2026-05-31 09:30:00+00:00,10127.013170820914
2026-05-31 09:35:00+00:00,10127.439571375475
2026-05-31 09:40:00+00:00,10127.86545192936
2026-05-31 09:45:00+00:00,10128.089767886213
2026-05-31 09:50:00+00:00,10128.516213771176
2026-05-31 09:55:00+00:00,10128.943216984235
2026-05-31 10:00:00+00:00,10129.281261590431
2026-05-31 10:05:00+00:00,10129.281261590431
2026-05-31 10:10:00+00:00,10129.393934351961
2026-05-31 10:15:00+00:00,10129.393934351961
2026-05-31 10:20:00+00:00,10129.063016549468
2026-05-31 10:25:00+00:00,10129.063016549468
2026-05-31 10:30:00+00:00,10129.063016549468
2026-05-31 10:35:00+00:00,10129.063016549468
2026-05-31 10:40:00+00:00,10129.063016549468
2026-05-31 10:45:00+00:00,10129.063016549468
2026-05-31 10:50:00+00:00,10129.063016549468
2026-05-31 10:55:00+00:00,10129.063016549468
2026-05-31 11:00:00+00:00,10129.490042814921
2026-05-31 11:05:00+00:00,10129.917087083168
2026-05-31 11:10:00+00:00,10129.490024811368
2026-05-31 11:15:00+00:00,10129.06262016897
2026-05-31 11:20:00+00:00,10129.06262016897
2026-05-31 11:25:00+00:00,10128.838028980053
2026-05-31 11:30:00+00:00,10129.26522586023
2026-05-31 11:35:00+00:00,10128.838371025597
2026-05-31 11:40:00+00:00,10128.838371025597
2026-05-31 11:45:00+00:00,10128.69827644232
2026-05-31 11:50:00+00:00,10128.69827644232
2026-05-31 11:55:00+00:00,10128.588539732931
2026-05-31 12:00:00+00:00,10128.476012363308
2026-05-31 12:05:00+00:00,10128.047928000993
2026-05-31 12:10:00+00:00,10128.267840017668
2026-05-31 12:15:00+00:00,10128.69447303536
2026-05-31 12:20:00+00:00,10128.69447303536
2026-05-31 12:25:00+00:00,10129.120944381593
2026-05-31 12:30:00+00:00,10129.547433684515
2026-05-31 12:35:00+00:00,10129.99466666263
2026-05-31 12:40:00+00:00,10129.5688577233
2026-05-31 12:45:00+00:00,10129.143066682622
2026-05-31 12:50:00+00:00,10129.562724591751
2026-05-31 12:55:00+00:00,10129.562724591751
2026-05-31 13:00:00+00:00,10129.968405108542
2026-05-31 13:05:00+00:00,10130.078191262277
2026-05-31 13:10:00+00:00,10130.504900537393
2026-05-31 13:15:00+00:00,10130.931268588762
2026-05-31 13:20:00+00:00,10130.931268588762
2026-05-31 13:25:00+00:00,10131.175416829961
2026-05-31 13:30:00+00:00,10131.175416829961
2026-05-31 13:35:00+00:00,10130.838870198908
2026-05-31 13:40:00+00:00,10131.266331754612
2026-05-31 13:45:00+00:00,10131.266331754612
2026-05-31 13:50:00+00:00,10131.511285002478
2026-05-31 13:55:00+00:00,10131.083614623203
2026-05-31 14:00:00+00:00,10130.655420049467
2026-05-31 14:05:00+00:00,10130.655420049467
2026-05-31 14:10:00+00:00,10131.085413912797
2026-05-31 14:15:00+00:00,10131.36527815075
2026-05-31 14:20:00+00:00,10131.476611835125
2026-05-31 14:25:00+00:00,10131.90902654327
2026-05-31 14:30:00+00:00,10132.34090672343
2026-05-31 14:35:00+00:00,10132.34090672343
2026-05-31 14:40:00+00:00,10132.34090672343
2026-05-31 14:45:00+00:00,10131.908270476344
2026-05-31 14:50:00+00:00,10131.99251583336
2026-05-31 14:55:00+00:00,10132.215270423134
2026-05-31 15:00:00+00:00,10132.101143195488
2026-05-31 15:05:00+00:00,10132.101143195488
2026-05-31 15:10:00+00:00,10132.101143195488
2026-05-31 15:15:00+00:00,10132.202322555817
2026-05-31 15:20:00+00:00,10132.34271610331
2026-05-31 15:25:00+00:00,10131.911369031532
2026-05-31 15:30:00+00:00,10132.051370570416
2026-05-31 15:35:00+00:00,10132.482888942246
2026-05-31 15:40:00+00:00,10132.525109380134
2026-05-31 15:45:00+00:00,10132.63634579587
2026-05-31 15:50:00+00:00,10132.63634579587
2026-05-31 15:55:00+00:00,10132.63634579587
2026-05-31 16:00:00+00:00,10132.831429283468
2026-05-31 16:05:00+00:00,10132.398031874174
2026-05-31 16:10:00+00:00,10132.398031874174
2026-05-31 16:15:00+00:00,10131.964653001982
2026-05-31 16:20:00+00:00,10131.964653001982
2026-05-31 16:25:00+00:00,10132.398756029103
2026-05-31 16:30:00+00:00,10132.398756029103
2026-05-31 16:35:00+00:00,10132.398756029103
2026-05-31 16:40:00+00:00,10131.963889129702
2026-05-31 16:45:00+00:00,10131.963889129702
2026-05-31 16:50:00+00:00,10132.040218524678
2026-05-31 16:55:00+00:00,10132.154977163465
2026-05-31 17:00:00+00:00,10132.154977163465
2026-05-31 17:05:00+00:00,10132.269789117881
2026-05-31 17:10:00+00:00,10132.38200829818
2026-05-31 17:15:00+00:00,10131.946394282346
2026-05-31 17:20:00+00:00,10132.38180237836
2026-05-31 17:25:00+00:00,10132.38180237836
2026-05-31 17:30:00+00:00,10132.578014264542
2026-05-31 17:35:00+00:00,10133.01195764845
2026-05-31 17:40:00+00:00,10133.01195764845
2026-05-31 17:45:00+00:00,10133.01195764845
2026-05-31 17:50:00+00:00,10133.535934899484
2026-05-31 17:55:00+00:00,10133.507546463989
2026-05-31 18:00:00+00:00,10133.94246095096
2026-05-31 18:05:00+00:00,10133.94246095096
2026-05-31 18:10:00+00:00,10134.156362501533
2026-05-31 18:15:00+00:00,10134.268379262476
2026-05-31 18:20:00+00:00,10134.567792079151
2026-05-31 18:25:00+00:00,10134.132645329813
2026-05-31 18:30:00+00:00,10134.132645329813
2026-05-31 18:35:00+00:00,10134.336387441703
2026-05-31 18:40:00+00:00,10134.336387441703
2026-05-31 18:45:00+00:00,10135.179593498393
2026-05-31 18:50:00+00:00,10135.236712409538
2026-05-31 18:55:00+00:00,10134.900923230773
2026-05-31 19:00:00+00:00,10134.466321990498
2026-05-31 19:05:00+00:00,10134.803127119178
2026-05-31 19:10:00+00:00,10134.367221608334
2026-05-31 19:15:00+00:00,10134.479476451284
2026-05-31 19:20:00+00:00,10134.479476451284
2026-05-31 19:25:00+00:00,10134.91536804167
2026-05-31 19:30:00+00:00,10134.91536804167
2026-05-31 19:35:00+00:00,10135.111895390284
2026-05-31 19:40:00+00:00,10135.111895390284
2026-05-31 19:45:00+00:00,10135.111895390284
2026-05-31 19:50:00+00:00,10135.213663759552
2026-05-31 19:55:00+00:00,10135.649025171226
2026-05-31 20:00:00+00:00,10135.425107154542
2026-05-31 20:05:00+00:00,10135.425107154542
2026-05-31 20:10:00+00:00,10136.096327360314
2026-05-31 20:15:00+00:00,10136.381690432594
2026-05-31 20:20:00+00:00,10136.752599774716
2026-05-31 20:25:00+00:00,10137.180672097342
2026-05-31 20:30:00+00:00,10137.337684991628
2026-05-31 20:35:00+00:00,10137.451960019076
2026-05-31 20:40:00+00:00,10137.451960019076
2026-05-31 20:45:00+00:00,10137.575814044245
2026-05-31 20:50:00+00:00,10138.00959991562
2026-05-31 20:55:00+00:00,10138.00959991562
2026-05-31 21:00:00+00:00,10137.895561562415
2026-05-31 21:05:00+00:00,10137.895561562415
2026-05-31 21:10:00+00:00,10137.895561562415
2026-05-31 21:15:00+00:00,10138.328250233417
2026-05-31 21:20:00+00:00,10138.742929179069
2026-05-31 21:25:00+00:00,10138.742929179069
2026-05-31 21:30:00+00:00,10139.175838783218
2026-05-31 21:35:00+00:00,10139.175838783218
2026-05-31 21:40:00+00:00,10138.948401012047
2026-05-31 21:45:00+00:00,10138.948401012047
2026-05-31 21:50:00+00:00,10139.205112134561
2026-05-31 21:55:00+00:00,10138.773656597874
2026-05-31 22:00:00+00:00,10139.031232849524
2026-05-31 22:05:00+00:00,10139.36442480591
2026-05-31 22:10:00+00:00,10139.795337021158
2026-05-31 22:15:00+00:00,10139.795337021158
2026-05-31 22:20:00+00:00,10140.06610779234
2026-05-31 22:25:00+00:00,10140.579283460629
2026-05-31 22:30:00+00:00,10141.00933347265
2026-05-31 22:35:00+00:00,10141.439766805988
2026-05-31 22:40:00+00:00,10141.540726883308
2026-05-31 22:45:00+00:00,10141.766923843872
2026-05-31 22:50:00+00:00,10141.766923843872
2026-05-31 22:55:00+00:00,10142.251589285936
2026-05-31 23:00:00+00:00,10142.665261802622
2026-05-31 23:05:00+00:00,10142.665261802622
2026-05-31 23:10:00+00:00,10142.470995086249
2026-05-31 23:15:00+00:00,10142.360402228382
2026-05-31 23:20:00+00:00,10141.92972875058
2026-05-31 23:25:00+00:00,10142.269302290604
2026-05-31 23:30:00+00:00,10142.269302290604
2026-05-31 23:35:00+00:00,10142.355382602673
2026-05-31 23:40:00+00:00,10142.582636812456
2026-05-31 23:45:00+00:00,10142.15140455749
2026-05-31 23:50:00+00:00,10141.720739954324
2026-05-31 23:55:00+00:00,10141.922746143746
2026-06-01 00:00:00+00:00,10142.03533409608
2026-06-01 00:05:00+00:00,10142.03533409608
2026-06-01 00:10:00+00:00,10142.03533409608
2026-06-01 00:15:00+00:00,10141.934227174195
2026-06-01 00:20:00+00:00,10142.162893748282
2026-06-01 00:25:00+00:00,10142.59155659248
2026-06-01 00:30:00+00:00,10142.463563597614
2026-06-01 00:35:00+00:00,10142.830778064073
2026-06-01 00:40:00+00:00,10142.830778064073
2026-06-01 00:45:00+00:00,10143.232434564541
2026-06-01 00:50:00+00:00,10143.33294221847
2026-06-01 00:55:00+00:00,10143.43285825156
2026-06-01 01:00:00+00:00,10143.627325906053
2026-06-01 01:05:00+00:00,10143.929729582667
2026-06-01 01:10:00+00:00,10143.929729582667
2026-06-01 01:15:00+00:00,10144.12476764707
2026-06-01 01:20:00+00:00,10143.69310276334
2026-06-01 01:25:00+00:00,10143.69310276334
2026-06-01 01:30:00+00:00,10144.05283370535
2026-06-01 01:35:00+00:00,10144.164135579758
2026-06-01 01:40:00+00:00,10144.164135579758
2026-06-01 01:45:00+00:00,10144.61720231203
2026-06-01 01:50:00+00:00,10144.61720231203
2026-06-01 01:55:00+00:00,10144.61720231203
2026-06-01 02:00:00+00:00,10144.820804354626
2026-06-01 02:05:00+00:00,10144.820804354626
2026-06-01 02:10:00+00:00,10144.61921824823
2026-06-01 02:15:00+00:00,10144.61921824823
2026-06-01 02:20:00+00:00,10144.187164618832
2026-06-01 02:25:00+00:00,10144.187164618832
2026-06-01 02:30:00+00:00,10144.633602606053
2026-06-01 02:35:00+00:00,10144.633602606053
2026-06-01 02:40:00+00:00,10144.604938161412
2026-06-01 02:45:00+00:00,10144.604938161412
2026-06-01 02:50:00+00:00,10144.604938161412
2026-06-01 02:55:00+00:00,10144.50454622734
2026-06-01 03:00:00+00:00,10144.50454622734
2026-06-01 03:05:00+00:00,10144.590463210114
2026-06-01 03:10:00+00:00,10144.590463210114
2026-06-01 03:15:00+00:00,10144.590463210114
2026-06-01 03:20:00+00:00,10144.83431321347
2026-06-01 03:25:00+00:00,10144.83431321347
2026-06-01 03:30:00+00:00,10145.234346112256
2026-06-01 03:35:00+00:00,10145.234346112256
2026-06-01 03:40:00+00:00,10145.234346112256
2026-06-01 03:45:00+00:00,10144.844444715403
2026-06-01 03:50:00+00:00,10144.944858893814
2026-06-01 03:55:00+00:00,10144.944858893814
2026-06-01 04:00:00+00:00,10145.37273510043
2026-06-01 04:05:00+00:00,10145.37273510043
2026-06-01 04:10:00+00:00,10144.943210429174
2026-06-01 04:15:00+00:00,10144.943210429174
2026-06-01 04:20:00+00:00,10145.05671393343
2026-06-01 04:25:00+00:00,10145.449400471613
2026-06-01 04:30:00+00:00,10145.783425364078
2026-06-01 04:35:00+00:00,10146.204466447256
2026-06-01 04:40:00+00:00,10146.649377846794
2026-06-01 04:45:00+00:00,10146.86772623022
2026-06-01 04:50:00+00:00,10147.30079783612
2026-06-01 04:55:00+00:00,10147.30079783612
2026-06-01 05:00:00+00:00,10147.414276932495
2026-06-01 05:05:00+00:00,10147.414276932495
2026-06-01 05:10:00+00:00,10147.414276932495
2026-06-01 05:15:00+00:00,10147.64200166941
2026-06-01 05:20:00+00:00,10148.268066788529
2026-06-01 05:25:00+00:00,10148.632509367959
2026-06-01 05:30:00+00:00,10148.632509367959
2026-06-01 05:35:00+00:00,10148.632509367959
2026-06-01 05:40:00+00:00,10148.829035946374
2026-06-01 05:45:00+00:00,10148.715323576223
2026-06-01 05:50:00+00:00,10148.715323576223
2026-06-01 05:55:00+00:00,10148.715323576223
2026-06-01 06:00:00+00:00,10148.715323576223
2026-06-01 06:05:00+00:00,10148.517877752807
2026-06-01 06:10:00+00:00,10148.517877752807
2026-06-01 06:15:00+00:00,10148.181351239784
2026-06-01 06:20:00+00:00,10148.181351239784
2026-06-01 06:25:00+00:00,10148.617269682707
2026-06-01 06:30:00+00:00,10149.053206850649
2026-06-01 06:35:00+00:00,10148.617438142755
2026-06-01 06:40:00+00:00,10148.617438142755
2026-06-01 06:45:00+00:00,10149.0531881401
2026-06-01 06:50:00+00:00,10149.0531881401
2026-06-01 06:55:00+00:00,10149.165755278389
2026-06-01 07:00:00+00:00,10149.165755278389
2026-06-01 07:05:00+00:00,10149.27802481108
2026-06-01 07:10:00+00:00,10149.502790131084
2026-06-01 07:15:00+00:00,10149.938578142683
2026-06-01 07:20:00+00:00,10149.825963712658
2026-06-01 07:25:00+00:00,10149.825963712658
